Number,Country, Total Cases,New Cases,Total Deaths,New Deaths,Total Recovered,Active Cases,Serious_Critical,Total Cases Per In Pop,Death Per In Pop,Total Tests,Tests Per In Pop,Population
1,USA,"104,289,430",,"1,134,259",,"101,378,824","1,776,347","3,425","311,493","3,388","1,160,088,793","3,464,966","334,805,269",North America,3,295,0,,,"5,306"
2,India,"44,682,895",,"530,740",,"44,150,372","1,783",698,"31,766",377,"915,265,788","650,679","1,406,631,776",Asia,31,"2,650",2,,,1
3,France,"39,528,817",,"164,286",,"39,271,652","92,879",869,"602,716","2,505","271,490,188","4,139,547","65,584,518",Europe,2,399,0,,,"1,416"
4,Germany,"37,796,790",,"165,865",,"37,413,200","217,725","1,281","450,586","1,977","122,332,384","1,458,359","83,883,596",Europe,2,506,1,,,"2,596"
5,Brazil,"36,837,943",,"697,200",,"35,933,396","207,347","8,318","171,058","3,237","63,776,166","296,146","215,353,593",South America,6,309,3,,,963
6,Japan,"32,588,442",,"68,399",,"21,567,425","10,952,618",496,"259,493",545,"92,144,639","733,724","125,584,838",Asia,4,"1,836",1,,,"87,213"
7,S. Korea,"30,213,928","+16,862","33,522",+36,"29,773,405","407,001",345,"588,622",653,"15,804,065","307,892","51,329,899",Asia,2,"1,531",3,329,0.7,"7,929"
8,Italy,"25,453,789",,"186,833",,"25,014,986","251,970",205,"422,380","3,100","265,478,247","4,405,344","60,262,770",Europe,2,323,0,,,"4,181"
9,UK,"24,274,361",,"204,171",,"24,024,750","45,440",146,"354,381","2,981","522,526,476","7,628,357","68,497,907",Europe,3,335,0,,,663
10,Russia,"21,958,696",,"395,108",,"21,356,008","207,580","2,300","150,602","2,710","273,400,000","1,875,095","145,805,947",Europe,7,369,1,,,"1,424"
11,Turkey,"17,042,722",,"101,492",,N/A,N/A,,"199,186","1,186","162,743,369","1,902,052","85,561,976",Asia,5,843,1,,,"1,819"
12,Spain,"13,731,478",,"118,434",,"13,557,699","55,345",231,"293,915","2,535","471,036,328","10,082,298","46,719,142",Europe,3,394,0,,,"1,185"
13,Vietnam,"11,526,508",,"43,186",,"10,612,479","870,843",2,"116,484",436,"85,826,548","867,342","98,953,541",Asia,9,"2,291",1,,,"8,801"
14,Australia,"11,295,446",,"18,615",,"11,235,771","41,060",49,"433,294",714,"78,835,048","3,024,116","26,068,792",Australia/Oceania,2,"1,400",0,,,"1,575"
15,Argentina,"10,037,135",,"130,421",,"9,879,805","26,909",363,"218,150","2,835","35,716,069","776,264","46,010,234",South America,5,353,1,,,585
16,Taiwan,"9,569,611",,"16,356",,"9,129,718","423,537",,"400,593",685,"30,207,485","1,264,515","23,888,595",Asia,2,"1,461",1,,,"17,730"
17,Netherlands,"8,582,500",,"22,989",,"8,548,537","10,974",53,"498,651","1,336","25,984,435","1,509,718","17,211,447",Europe,2,749,1,,,638
18,Iran,"7,564,467",,"144,751",,"7,337,613","82,103",227,"87,936","1,683","55,034,937","639,771","86,022,837",Asia,11,594,2,,,954
19,Mexico,"7,377,333","+9,081","332,324",+126,"6,614,139","430,870","4,798","56,075","2,526","19,356,195","147,125","131,562,772",North America,18,396,7,69,1.0,"3,275"
20,Indonesia,"6,730,289",,"160,817",,"6,565,208","4,264","2,771","24,111",576,"114,158,919","408,975","279,134,505",Asia,41,"1,736",2,,,15
21,Poland,"6,380,225",,"118,736",,"5,335,940","925,549",696,"169,058","3,146","38,118,630","1,010,038","37,739,785",Europe,6,318,1,,,"24,524"
22,Colombia,"6,357,200",,"142,544",,"6,181,431","33,225",342,"123,410","2,767","36,951,507","717,327","51,512,762",South America,8,361,1,,,645
23,Austria,"5,785,590",,"21,696",,"5,732,515","31,379",40,"638,113","2,393","211,273,524","23,302,116","9,066,710",Europe,2,418,0,,,"3,461"
24,Greece,"5,708,301",,"35,630",,"5,665,698","6,973",115,"553,310","3,454","102,228,365","9,909,078","10,316,637",Europe,2,290,0,,,676
25,Portugal,"5,563,907",,"26,022",,"5,532,740","5,145",61,"548,678","2,566","45,915,651","4,527,916","10,140,570",Europe,2,390,0,,,507
26,Ukraine,"5,373,104",,"111,063",,"5,253,646","8,395",,"124,400","2,571","32,603,805","754,855","43,192,122",Europe,8,389,1,,,194
27,Chile,"5,120,975",,"63,816",,"5,053,162","3,997",119,"266,022","3,315","48,140,972","2,500,804","19,250,195",South America,4,302,0,,,208
28,Malaysia,"5,036,918",,"36,942",,"4,990,079","9,897",14,"151,801","1,113","67,677,441","2,039,640","33,181,072",Asia,7,898,0,,,298
29,Israel,"4,786,658",,"12,193",,"4,768,658","5,807",57,"513,259","1,307","41,373,364","4,436,346","9,326,000",Asia,2,765,0,,,623
31,Thailand,"4,726,984",,"33,865",,"4,692,636",483,"1,496","67,453",483,"17,270,775","246,450","70,078,203",Asia,15,"2,069",4,,,7
32,Belgium,"4,691,499",,"33,557",,"4,645,680","12,262",48,"402,073","2,876","36,548,544","3,132,300","11,668,278",Europe,2,348,0,,,"1,051"
33,Czechia,"4,590,019",,"42,312",,"4,538,304","9,403",19,"427,504","3,941","56,893,223","5,298,907","10,736,784",Europe,2,254,0,,,876
34,Canada,"4,550,256",,"50,380",,"4,446,326","53,550",99,"118,532","1,312","66,343,123","1,728,207","38,388,419",North America,8,762,1,,,"1,395"
35,Peru,"4,481,621",,"218,931",,"4,258,620","4,070",54,"133,048","6,500","37,754,603","1,120,840","33,684,208",South America,8,154,1,,,121
36,Switzerland,"4,386,556",,"14,452",,"4,367,146","4,958",44,"499,970","1,647","23,325,133","2,658,548","8,773,637",Europe,2,607,0,,,565
37,Philippines,"4,073,454",,"65,802",,"3,998,048","9,604",162,"36,206",585,"34,343,332","305,250","112,508,994",Asia,28,"1,710",3,,,85
38,South Africa,"4,056,201",,"102,595",,"3,912,506","41,100",192,"66,762","1,689","26,473,049","435,726","60,756,135",Africa,15,592,2,,,676
39,Romania,"3,325,006",,"67,576",,"3,252,104","5,326",117,"174,712","3,551","26,389,988","1,386,660","19,031,335",Europe,6,282,1,,,280
40,Denmark,"3,173,340",,"8,150",,"3,163,959","1,231",19,"543,850","1,397","129,147,644","22,133,462","5,834,950",Europe,2,716,0,,,211
41,Hong Kong,"2,877,280",,"13,358",,"2,509,478","354,444",28,"378,375","1,757","76,123,870","10,010,636","7,604,299",Asia,3,569,0,,,"46,611"
42,Sweden,"2,693,458",,"23,246",,"2,659,076","11,136",12,"263,574","2,275","19,410,527","1,899,460","10,218,971",Europe,4,440,1,,,"1,090"
43,Serbia,"2,472,028",,"17,704",,"2,441,281","13,043",15,"285,684","2,046","12,165,856","1,405,967","8,653,016",Europe,4,489,1,,,"1,507"
44,Iraq,"2,465,545",,"25,375",,"2,439,497",673,21,"58,474",602,"19,544,451","463,523","42,164,965",Asia,17,"1,662",2,,,16
45,Singapore,"2,217,575",,"1,722",,"2,144,795","71,058",,"373,106",290,"24,756,666","4,165,302","5,943,546",Asia,3,"3,452",0,,,"11,955"
46,Hungary,"2,192,447",,"48,677",,"2,139,857","3,913",7,"228,231","5,067","11,394,556","1,186,160","9,606,259",Europe,4,197,1,,,407
47,New Zealand,"2,182,355",,"3,781",,"2,169,320","9,254",,"445,542",772,"7,710,637","1,574,177","4,898,203",Australia/Oceania,2,"1,295",1,,,"1,889"
48,Bangladesh,"2,037,568",,"29,442",,"1,992,694","15,432","1,331","12,137",175,"15,247,014","90,818","167,885,689",Asia,82,"5,702",11,,,92
49,Slovakia,"1,860,893",,"20,946",,"1,839,305",642,21,"340,811","3,836","7,390,781","1,353,575","5,460,193",Europe,3,261,1,,,118
50,Georgia,"1,814,180",,"16,926",,"1,776,548","20,706",,"457,118","4,265","16,920,079","4,263,340","3,968,738",Asia,2,234,0,,,"5,217"
51,Jordan,"1,746,997",,"14,122",,"1,731,007","1,868",59,"169,597","1,371","17,201,885","1,669,945","10,300,869",Asia,6,729,1,,,181
52,Ireland,"1,700,253",,"8,462",,"1,685,286","6,505",26,"338,682","1,686","12,988,677","2,587,283","5,020,199",Europe,3,593,0,,,"1,296"
53,Pakistan,"1,576,332",+19,"30,640",,"1,538,689","7,003",9,"6,869",134,"30,570,862","133,213","229,488,994",Asia,146,"7,490",8,0.08,,31
54,Norway,"1,477,902",,"5,112",,"1,471,932",858,20,"268,155",928,"11,002,430","1,996,315","5,511,370",Europe,4,"1,078",1,,,156
55,Finland,"1,458,619",,"8,639",,"1,447,715","2,265",21,"262,580","1,555","12,017,711","2,163,420","5,554,960",Europe,4,643,0,,,408
56,Kazakhstan,"1,405,979",+62,"13,695",,"1,383,020","9,264",24,"73,209",713,"11,575,012","602,707","19,205,043",Asia,14,"1,402",2,3,,482
57,Slovenia,"1,321,852",,"7,056",,"1,311,159","3,637",13,"636,107","3,396","2,824,843","1,359,382","2,078,034",Europe,2,295,1,,,"1,750"
58,Lithuania,"1,296,865",,"9,545",,"1,282,528","4,792",7,"487,230","3,586","10,350,770","3,888,770","2,661,708",Europe,2,279,0,,,"1,800"
59,Bulgaria,"1,295,486",,"38,182",,"1,254,560","2,744",33,"189,271","5,578","10,990,758","1,605,757","6,844,597",Europe,5,179,1,,,401
60,Morocco,"1,272,254",,"16,296",,"1,255,896",62,3,"33,682",431,"12,932,313","342,371","37,772,756",Africa,30,"2,318",3,,,2
61,Croatia,"1,267,668",,"17,883",,"1,249,191",594,20,"312,288","4,405","5,478,267","1,349,564","4,059,286",Europe,3,227,1,,,146
62,Lebanon,"1,228,890",,"10,792",,"1,087,587","130,511",74,"183,832","1,614","4,795,578","717,380","6,684,849",Asia,5,619,1,,,"19,523"
63,Guatemala,"1,228,343",,"20,110",,"1,205,308","2,925",5,"66,097","1,082","6,766,606","364,108","18,584,039",North America,15,924,3,,,157
64,Bolivia,"1,188,380",,"22,349",,"1,146,628","19,403",220,"99,092","1,864","2,705,422","225,590","11,992,656",South America,10,537,4,,,"1,618"
65,Costa Rica,"1,186,176",,"9,158",,"860,711","316,307",52,"228,887","1,767","4,659,757","899,158","5,182,354",North America,4,566,1,,,"61,035"
66,Tunisia,"1,150,356",,"29,308",,N/A,N/A,44,"95,492","2,433","4,997,373","414,835","12,046,656",Africa,10,411,2,,,917
67,Cuba,"1,112,443",,"8,530",,"1,103,816",97,2,"98,397",754,"14,298,479","1,264,720","11,305,652",North America,10,"1,325",1,,,9
68,Ecuador,"1,051,239",,"35,942",,"1,011,682","3,615",759,"58,037","1,984","3,082,403","170,173","18,113,361",South America,17,504,6,,,200
69,UAE,"1,049,457",,"2,348",,"1,032,803","14,306",,"104,094",233,"198,665,181","19,705,358","10,081,785",Asia,10,"4,294",0,,,"1,419"
70,Uruguay,"1,032,710",,"7,609",,"1,023,939","1,162",18,"295,396","2,176","6,114,822","1,749,083","3,496,016",South America,3,459,1,,,332
71,Panama,"1,029,701",,"8,596",,"1,020,206",899,16,"231,551","1,933","7,475,016","1,680,926","4,446,964",North America,4,517,1,,,202
72,Mongolia,"1,007,872",,"2,179",,"1,005,664",29,192,"298,357",645,"4,030,048","1,193,000","3,378,078",Asia,3,"1,550",1,,,9
73,Nepal,"1,001,102",,"12,020",,"989,064",18,,"33,121",398,"6,003,944","198,638","30,225,582",Asia,30,"2,515",5,,,0.6
74,Belarus,"994,037",,"7,118",,"985,592","1,327",,"105,381",755,"13,646,641","1,446,722","9,432,800",Europe,9,"1,325",1,,,141
75,Latvia,"975,355",,"6,218",,"968,830",307,13,"527,551","3,363","7,858,319","4,250,412","1,848,837",Europe,2,297,0,,,166
76,Saudi Arabia,"828,012",,"9,575",,"815,570","2,867",29,"23,100",267,"45,051,705","1,256,851","35,844,909",Asia,43,"3,744",1,,,80
77,Azerbaijan,"827,983",,"10,087",,"817,698",198,,"80,385",979,"7,489,399","727,112","10,300,205",Asia,12,"1,021",1,,,19
78,Paraguay,"806,256",,"19,820",,N/A,N/A,7,"110,358","2,713","2,657,506","363,751","7,305,843",South America,9,369,3,,,"12,061"
79,Bahrain,"700,835",,"1,544",,"698,541",750,15,"392,848",865,"10,688,096","5,991,142","1,783,983",Asia,3,"1,155",0,,,420
80,Sri Lanka,"671,991",,"16,828",,"655,158",5,,"31,146",780,"6,486,117","300,619","21,575,842",Asia,32,"1,282",3,,,0.2
81,Kuwait,"662,858",,"2,570",,"660,237",51,,"151,326",587,"8,455,743","1,930,391","4,380,326",Asia,7,"1,704",1,,,12
82,Dominican Republic,"660,095",,"4,384",,"644,785","10,926",4,"59,703",397,"3,740,928","338,350","11,056,370",North America,17,"2,522",3,,,988
83,Cyprus,"642,663",,"1,287",,"633,422","7,954",60,"525,315","1,052","9,640,118","7,879,860","1,223,387",Asia,2,951,0,,,"6,502"
84,Myanmar,"633,833",,"19,490",,"614,302",41,,"11,477",353,"9,945,354","180,081","55,227,143",Asia,87,"2,834",6,,,0.7
85,Palestine,"621,008",,"5,404",,"615,445",159,17,"116,173","1,011","3,078,533","575,907","5,345,541",Asia,9,989,2,,,30
86,Estonia,"613,891",,"2,912",,"524,990","85,989",3,"464,397","2,203","3,659,157","2,768,083","1,321,910",Europe,2,454,0,,,"65,049"
87,Moldova,"598,673",,"11,953",,"504,142","82,578",49,"149,177","2,978","3,216,305","801,437","4,013,171",Europe,7,336,1,,,"20,577"
88,Venezuela,"551,587",,"5,845",,"545,003",739,36,"18,847",200,"3,359,014","114,771","29,266,991",South America,53,"5,007",9,,,25
89,Egypt,"515,645",,"24,613",,"442,182","48,850",122,"4,857",232,"3,693,367","34,792","106,156,692",Africa,206,"4,313",29,,,460
90,Libya,"507,162",,"6,437",,"500,721",4,,"72,032",914,"2,483,446","352,725","7,040,745",Africa,14,"1,094",3,,,0.6
91,Ethiopia,"499,548",,"7,572",,"486,711","5,265",,"4,135",63,"5,461,124","45,203","120,812,698",Africa,242,"15,955",22,,,44
92,Qatar,"492,534",,686,,"491,585",263,1,"165,285",230,"4,065,369","1,364,257","2,979,915",Asia,6,"4,344",1,,,88
93,Réunion,"485,895",,919,,"418,572","66,404",10,"535,091","1,012","1,603,660","1,766,027","908,061",Africa,2,988,1,,,"73,127"
94,Honduras,"470,757",,"11,104",,N/A,N/A,105,"46,057","1,086","1,619,676","158,462","10,221,247",North America,22,921,6,,,"32,003"
95,Armenia,"446,008",,"8,717",,"435,162","2,129",,"150,072","2,933","3,242,901","1,091,164","2,971,966",Asia,7,341,1,,,716
96,Bosnia and Herzegovina,"401,395",,"16,257",,"379,084","6,054",,"123,532","5,003","1,884,721","580,036","3,249,317",Europe,8,200,2,,,"1,863"
97,Oman,"399,449",,"4,628",,"384,669","10,152",2,"75,028",869,"25,000,000","4,695,724","5,323,993",Asia,13,"1,150",0,,,"1,907"
98,North Macedonia,"346,533",,"9,641",,"336,744",148,,"166,498","4,632","2,218,852","1,066,087","2,081,304",Europe,6,216,1,,,71
99,Kenya,"342,817",,"5,688",,"337,095",34,1,"6,098",101,"3,967,062","70,569","56,215,221",Africa,164,"9,883",14,,,0.6
100,Zambia,"340,944",,"4,048",,"335,162","1,734",,"17,511",208,"3,873,108","198,925","19,470,234",Africa,57,"4,810",5,,,89
101,Albania,"334,177",,"3,595",,"328,964","1,618",,"116,585","1,254","1,941,032","677,173","2,866,374",Europe,9,797,1,,,564
102,Botswana,"329,227",,"2,800",,"325,934",493,1,"134,865","1,147","2,026,898","830,300","2,441,162",Africa,7,872,1,,,202
103,Luxembourg,"297,757",,"1,133",,"288,991","7,633",,"463,528","1,764","4,412,567","6,869,188","642,371",Europe,2,567,0,,,"11,883"
104,Montenegro,"286,381",,"2,797",,"283,254",330,6,"456,057","4,454","2,698,333","4,297,051","627,950",Europe,2,225,0,,,526
105,Brunei,"276,067",,225,,"243,601","32,241",3,"619,775",505,"717,784","1,611,437","445,431",Asia,2,"1,980",1,,,"72,382"
106,Algeria,"271,385",,"6,881",,"182,751","81,753",,"5,984",152,"230,861","5,091","45,350,148",Africa,167,"6,591",196,,,"1,803"
107,Nigeria,"266,463",,"3,155",,"259,850","3,458",11,"1,229",15,"5,708,974","26,339","216,746,934",Africa,813,"68,700",38,,,16
108,Zimbabwe,"262,324",,"5,658",,"255,428","1,238",12,"17,110",369,"2,525,756","164,744","15,331,428",Africa,58,"2,710",6,,,81
109,Uzbekistan,"250,586",,"1,637",,"241,486","7,463",23,"7,288",48,"1,377,915","40,077","34,382,084",Asia,137,"21,003",25,,,217
110,Mozambique,"231,994",,"2,233",,"228,805",956,11,"7,011",67,"1,371,127","41,437","33,089,461",Africa,143,"14,818",24,,,29
111,Martinique,"229,687",,"1,097",,N/A,N/A,12,"613,994","2,932","828,928","2,215,870","374,087",North America,2,341,0,,,"610,783"
112,Laos,"217,977",+4,758,,N/A,N/A,,"29,137",101,"1,233,207","164,845","7,481,023",Asia,34,"9,869",6,0.5,,"28,012"
113,Iceland,"208,688",,229,,N/A,N/A,2,"604,204",663,"1,996,384","5,780,036","345,393",Europe,2,"1,508",0,,,"384,414"
114,Afghanistan,"208,552",,"7,882",,"186,100","14,570",45,"5,117",193,"1,189,219","29,180","40,754,388",Asia,195,"5,171",34,,,358
115,Kyrgyzstan,"206,592",,"2,991",,"196,406","7,195",131,"30,705",445,"1,907,195","283,460","6,728,271",Asia,33,"2,250",4,,,"1,069"
116,El Salvador,"201,785",,"4,230",,"179,410","18,145",8,"30,805",646,"2,610,114","398,467","6,550,389",North America,32,"1,549",3,,,"2,770"
117,Guadeloupe,"201,394",,"1,007",,N/A,N/A,19,"503,744","2,519","938,039","2,346,306","399,794",North America,2,397,0,,,"495,598"
118,Trinidad and Tobago,"187,908",,"4,326",,"183,264",318,8,"133,592","3,076","888,936","631,982","1,406,585",North America,7,325,2,,,226
119,Maldives,"185,715",,311,,"163,687","21,717",25,"343,290",575,"2,213,831","4,092,223","540,985",Asia,3,"1,740",0,,,"40,143"
120,Ghana,"171,112",,"1,462",,"169,636",14,2,"5,282",45,"2,527,319","78,015","32,395,450",Africa,189,"22,158",13,,,0.4
121,Namibia,"170,741",,"4,088",,"166,452",201,,"64,825","1,552","1,062,663","403,460","2,633,874",Africa,15,644,2,,,76
122,Uganda,"170,400",,"3,630",,"100,431","66,339",3,"3,518",75,"3,012,408","62,198","48,432,863",Africa,284,"13,342",16,,,"1,370"
123,Jamaica,"153,629",,"3,484",,"102,268","47,877",,"51,465","1,167","1,183,986","396,633","2,985,094",North America,19,857,3,,,"16,039"
124,Cambodia,"138,693",,"3,056",,"135,624",13,,"8,078",178,"3,091,420","180,062","17,168,639",Asia,124,"5,618",6,,,0.8
125,Rwanda,"133,090",,"1,468",,"131,559",63,,"9,786",108,"5,959,042","438,150","13,600,464",Africa,102,"9,265",2,,,5
126,Cameroon,"123,993",,"1,965",,"118,616","3,412",13,"4,442",70,"1,751,774","62,762","27,911,548",Africa,225,"14,204",16,,,122
127,Malta,"117,062",,824,,"115,623",615,4,"263,634","1,856","2,109,235","4,750,176","444,033",Europe,4,539,0,,,"1,385"
128,Barbados,"106,157",,571,,"105,570",16,,"368,571","1,982","790,354","2,744,066","288,023",North America,3,504,0,,,56
129,Angola,"105,184",,"1,931",,"103,216",37,,"3,003",55,"1,499,795","42,818","35,027,343",Africa,333,"18,139",23,,,1
130,Channel Islands,"101,160",,223,,"100,834",103,,"573,265","1,264","1,252,808","7,099,551","176,463",Europe,2,791,0,,,584
131,French Guiana,"98,028",,420,,"11,254","86,354",6,"312,023","1,337","651,257","2,072,951","314,169",South America,3,748,0,,,"274,865"
132,DRC,"95,514",,"1,463",,"84,264","9,787",,"1,003",15,"846,704","8,890","95,240,792",Africa,997,"65,100",112,,,103
133,Senegal,"88,902",,"1,971",,"86,929",2,,"5,036",112,"1,146,543","64,946","17,653,671",Africa,199,"8,957",15,,,0.1
134,Malawi,"88,559",,"2,686",,"85,369",504,67,"4,388",133,"624,784","30,959","20,180,839",Africa,228,"7,513",32,,,25
135,Ivory Coast,"87,989",,833,,"87,143",13,,"3,172",30,"1,672,190","60,276","27,742,298",Africa,315,"33,304",17,,,0.5
136,Suriname,"82,020",,"1,398",,N/A,N/A,,"137,426","2,342","239,603","401,459","596,831",South America,7,427,2,,,"51,802"
137,New Caledonia,"79,845",,314,,"79,526",5,9,"274,462","1,079","98,964","340,182","290,915",Australia/Oceania,4,926,3,,,17
138,French Polynesia,"77,957",,649,,N/A,N/A,7,"274,338","2,284",,,"284,164",Australia/Oceania,4,438,,,,"154,164"
139,Eswatini,"74,133",,"1,422",,"72,676",35,,"62,569","1,200","1,048,704","885,119","1,184,817",Africa,16,833,1,,,30
140,Guyana,"72,950",,"1,294",,"71,357",299,,"91,871","1,630","717,867","904,063","794,045",South America,11,614,1,,,377
141,Belize,"70,660",,688,,"69,949",23,6,"171,426","1,669","576,016","1,397,453","412,190",North America,6,599,1,,,56
142,Fiji,"68,820",,883,,"66,780","1,157",,"75,671",971,"667,715","734,184","909,466",Australia/Oceania,13,"1,030",1,,,"1,272"
143,Madagascar,"67,827",,"1,419",,"66,370",38,,"2,325",49,"524,209","17,966","29,178,077",Africa,430,"20,562",56,,,1
144,Sudan,"63,754",,"5,008",,"58,277",469,,"1,386",109,"562,941","12,240","45,992,020",Africa,721,"9,184",82,,,10
145,Mauritania,"63,665",,997,,"62,437",231,,"12,988",203,"1,009,957","206,030","4,901,981",Africa,77,"4,917",5,,,47
146,Cabo Verde,"63,229",,413,,"62,756",60,23,"111,382",728,"401,622","707,482","567,678",Africa,9,"1,375",1,,,106
147,Bhutan,"62,605",,21,,"61,564","1,020",,"79,454",27,"2,303,734","2,923,739","787,941",Asia,13,"37,521",0,,,"1,295"
149,Burundi,"53,492",,38,,"53,394",60,,"4,237",3,"345,742","27,386","12,624,840",Africa,236,"332,233",37,,,5
150,Seychelles,"50,665",,172,,"50,440",53,,"509,575","1,730",,,"99,426",Africa,2,578,,,,533
151,Gabon,"48,981",,306,,"48,674",1,,"21,008",131,"1,621,909","695,641","2,331,533",Africa,48,"7,619",1,,,0.4
152,Andorra,"47,839",,165,,"47,563",111,14,"617,572","2,130","249,838","3,225,256","77,463",Europe,2,469,0,,,"1,433"
153,Papua New Guinea,"46,750",,670,,"43,982","2,098",7,"5,031",72,"249,149","26,813","9,292,169",Australia/Oceania,199,"13,869",37,,,226
154,Curaçao,"45,986",,295,,"44,720",971,3,"277,812","1,782","496,693","3,000,640","165,529",North America,4,561,0,,,"5,866"
155,Aruba,"43,993",,236,,"42,438","1,319",2,"408,823","2,193","177,885","1,653,068","107,609",North America,2,456,1,,,"12,257"
156,Tanzania,"42,664",,846,,N/A,N/A,7,674,13,,,"63,298,550",Africa,"1,484","74,821",,,,658
157,Mayotte,"42,002",,188,,N/A,N/A,,"146,727",657,"176,919","618,038","286,259",Africa,7,"1,523",2,,,"135,716"
158,Mauritius,"41,652",,"1,043",,"39,943",666,,"32,675",818,"358,675","281,374","1,274,727",Africa,31,"1,222",4,,,522
159,Togo,"39,354",,290,,"39,061",3,,"4,533",33,"806,803","92,941","8,680,837",Africa,221,"29,934",11,,,0.3
160,Guinea,"38,240",,467,,"37,757",16,8,"2,758",34,"660,107","47,607","13,865,691",Africa,363,"29,691",21,,,1
161,Isle of Man,"38,008",,116,,N/A,N/A,,"443,335","1,353","150,753","1,758,422","85,732",Europe,2,739,1,,,"129,450"
162,Bahamas,"37,491",,833,,"36,366",292,1,"93,607","2,080","257,839","643,767","400,516",North America,11,481,2,,,729
163,Lesotho,"34,790",,723,,"25,980","8,087",,"15,990",332,"431,221","198,199","2,175,699",Africa,63,"3,009",5,,,"3,717"
164,Faeroe Islands,"34,658",,28,,N/A,N/A,5,"703,959",569,"778,000","15,802,409","49,233",Europe,1,"1,758",0,,,"547,133"
165,Haiti,"34,076",,860,,"33,033",183,,"2,917",74,"132,422","11,337","11,680,283",North America,343,"13,582",88,,,16
166,Mali,"32,783",,743,,"31,957",83,,"1,527",35,"789,528","36,767","21,473,764",Africa,655,"28,901",27,,,4
167,Cayman Islands,"31,472",,37,,"8,553","22,882",1,"467,797",550,"222,773","3,311,280","67,277",North America,2,"1,818",0,,,"340,116"
168,Saint Lucia,"29,803",,409,,"29,095",299,,"160,999","2,209","210,983","1,139,752","185,113",North America,6,453,1,,,"1,615"
169,Benin,"27,989",,163,,"27,823",3,,"2,189",13,"604,310","47,268","12,784,726",Africa,457,"78,434",21,,,0.2
170,Somalia,"27,318",,"1,361",,"13,182","12,775",,"1,622",81,"400,466","23,778","16,841,795",Africa,617,"12,375",42,,,759
171,Congo,"25,375",,386,,"24,006",983,,"4,377",67,"347,815","59,991","5,797,805",Africa,228,"15,020",17,,,170
172,Solomon Islands,"24,575",,153,,N/A,N/A,1,"34,077",212,,,"721,159",Australia/Oceania,29,"4,713",,,,"11,183"
173,San Marino,"23,427",,122,,"23,276",29,4,"687,311","3,579","157,634","4,624,732","34,085",Europe,1,279,0,,,851
174,Timor-Leste,"23,415",,138,,"23,102",175,,"17,098",101,"278,529","203,391","1,369,429",Asia,58,"9,923",5,,,128
175,Micronesia,"22,676",,58,,N/A,N/A,1,"193,005",494,"54,967","467,848","117,489",Australia/Oceania,5,"2,026",2,,,"129,382"
176,Burkina Faso,"22,025",,396,,"21,596",33,,996,18,"248,995","11,265","22,102,838",Africa,"1,004","55,815",89,,,1
177,Liechtenstein,"21,340",,89,,"21,237",14,1,"555,917","2,318","112,457","2,929,559","38,387",Europe,2,431,0,,,365
178,Gibraltar,"20,399",,111,,"16,579","3,709",,"605,240","3,293","534,283","15,852,213","33,704",Europe,2,304,0,,,"110,046"
179,Grenada,"19,680",,238,,"19,358",84,4,"173,430","2,097","182,981","1,612,523","113,475",North America,6,477,1,,,740
180,Bermuda,"18,771",,158,,"18,607",6,,"303,056","2,551","1,025,656","16,559,131","61,939",North America,3,392,0,,,97
181,Nicaragua,"18,491",,225,,"4,225","14,041",,"2,728",33,,,"6,779,100",North America,367,"30,129",,,,"2,071"
182,South Sudan,"18,368",,138,,"18,115",115,1,"1,581",12,"410,280","35,313","11,618,511",Africa,633,"84,192",28,,,10
183,Tajikistan,"17,786",,125,,"17,264",397,,"1,786",13,,,"9,957,464",Asia,560,"79,660",,,,40
184,Equatorial Guinea,"17,190",,183,,"16,883",124,5,"11,486",122,"365,697","244,342","1,496,662",Africa,87,"8,178",4,,,83
185,Tonga,"16,734",,13,,"15,638","1,083",,"155,305",121,"535,009","4,965,327","107,749",Australia/Oceania,6,"8,288",0,,,"10,051"
186,Samoa,"16,087",,29,,"1,605","14,453",,"79,544",143,"187,397","926,612","202,239",Australia/Oceania,13,"6,974",1,,,"71,465"
187,Monaco,"16,056",,65,,"15,982",9,4,"403,589","1,634","78,646","1,976,875","39,783",Europe,2,612,1,,,226
188,Dominica,"15,760",,74,,"15,673",13,,"217,848","1,023","229,344","3,170,187","72,344",North America,5,978,0,,,180
189,Djibouti,"15,690",,189,,"15,427",74,,"15,441",186,"305,941","301,094","1,016,097",Africa,65,"5,376",3,,,73
190,Marshall Islands,"15,584",,17,,"15,528",39,,"259,487",283,,,"60,057",Australia/Oceania,4,"3,533",,,,649
191,CAR,"15,368",,113,,"15,200",55,2,"3,063",23,"81,294","16,205","5,016,678",Africa,326,"44,395",62,,,11
192,Gambia,"12,586",,372,,"12,189",25,,"4,919",145,"155,686","60,851","2,558,482",Africa,203,"6,878",16,,,10
193,Saint Martin,"12,233",,63,,"1,399","10,771",7,"307,903","1,586","112,382","2,828,643","39,730",North America,3,631,0,,,"271,105"
194,Vanuatu,"12,014",,14,,"11,976",24,,"37,330",44,"24,976","77,606","321,832",Australia/Oceania,27,"22,988",13,,,75
195,Greenland,"11,971",,21,,"2,761","9,189",4,"210,117",369,"164,926","2,894,810","56,973",North America,5,"2,713",0,,,"161,287"
196,Yemen,"11,945",,"2,159",,"9,124",662,23,383,69,"329,592","10,579","31,154,867",Asia,"2,608","14,430",95,,,21
197,Caribbean Netherlands,"11,661",,38,,"10,476","1,147",,"437,610","1,426","30,126","1,130,559","26,647",North America,2,701,1,,,"43,044"
198,Sint Maarten,"11,014",,91,,"10,905",18,,"250,512","2,070","62,056","1,411,454","43,966",North America,4,483,1,,,409
200,Niger,"9,931",,312,,"8,890",729,1,381,12,"254,538","9,759","26,083,660",Africa,"2,626","83,601",102,,,28
201,St. Vincent Grenadines,"9,585",,123,,"9,454",8,,"85,925","1,103","113,504","1,017,508","111,551",North America,12,907,1,,,72
202,Antigua and Barbuda,"9,106",,146,,"8,954",6,1,"91,509","1,467","18,901","189,943","99,509",North America,11,682,5,,,60
203,Comoros,"8,992",,161,,"8,827",4,,"9,909",177,,,"907,419",Africa,101,"5,636",,,,4
204,Guinea-Bissau,"8,947",,176,,"8,656",115,6,"4,336",85,"145,231","70,385","2,063,367",Africa,231,"11,724",14,,,56
205,Liberia,"8,062",,294,,"7,766",2,2,"1,520",55,"139,824","26,356","5,305,117",Africa,658,"18,045",38,,,0.4
206,Sierra Leone,"7,760",,126,,N/A,N/A,,934,15,"259,958","31,296","8,306,436",Africa,"1,070","65,924",32,,,330
207,Chad,"7,652",,194,,"4,874","2,584",,439,11,"191,341","10,988","17,413,580",Africa,"2,276","89,761",91,,,148
208,British Virgin Islands,"7,305",,64,,N/A,N/A,,"238,757","2,092","107,339","3,508,269","30,596",North America,4,478,0,,,392
209,Cook Islands,"7,011",,2,,"6,993",16,,"399,010",114,"19,690","1,120,596","17,571",Australia/Oceania,3,"8,786",1,,,911
210,Saint Kitts and Nevis,"6,592",,46,,"6,537",9,,"122,366",854,"126,903","2,355,683","53,871",North America,8,"1,171",0,,,167
211,Turks and Caicos,"6,537",,38,,"6,474",25,4,"164,490",956,"611,527","15,387,811","39,741",North America,6,"1,046",0,,,629
212,Sao Tome and Principe,"6,280",,77,,"6,202",1,,"27,583",338,"29,036","127,530","227,679",Africa,36,"2,957",8,,,4
213,Palau,"5,986",,9,,"5,976",1,,"328,306",494,"68,820","3,774,475","18,233",Australia/Oceania,3,"2,026",0,,,55
214,St. Barth,"5,420",,6,,N/A,N/A,,"544,997",603,"78,646","7,908,095","9,945",North America,2,"1,658",0,,,"497,939"
215,Kiribati,"5,008",,18,,"2,703","2,287",3,"40,577",146,,,"123,419",Australia/Oceania,25,"6,857",,,,"18,530"
216,Nauru,"4,621",,1,,"4,609",11,,"423,828",92,"20,509","1,881,042","10,903",Australia/Oceania,2,"10,903",1,,,"1,009"
217,Anguilla,"3,904",,12,,"3,879",13,4,"256,336",788,"51,382","3,373,736","15,230",North America,4,"1,269",0,,,854
218,Macao,"3,488",,120,,"3,357",11,,"5,226",180,"7,850","11,760","667,490",Asia,191,"5,562",85,,,16
219,Saint Pierre Miquelon,"3,452",,2,,"2,449","1,001",1,"599,410",347,"25,400","4,410,488","5,759",North America,2,"2,880",0,,,"173,815"
220,Wallis and Futuna,"3,427",,7,,438,"2,982",,"312,056",637,"20,508","1,867,419","10,982",Australia/Oceania,3,"1,569",1,,,"271,535"
221,Tuvalu,"2,805",,,,,"2,805",,"232,471",,,,"12,066",Australia/Oceania,4,,,,,"232,471"
222,Saint Helena,"2,166",,,,2,"2,164",,"354,211",,,,"6,115",Africa,3,,,,,"353,884"
224,Montserrat,"1,403",,8,,"1,376",19,,"282,578","1,611","17,762","3,577,442","4,965",North America,4,621,0,,,"3,827"
225,Niue,747,,,,746,1,,"460,543",,,,"1,622",Australia/Oceania,2,,,,,617
230,Tokelau,5,,,,,5,,"3,628",,,,"1,378",Australia/Oceania,276,,,,,"3,628"
231,China,"503,302",,"5,272",,"379,053","118,977","7,557",347,4,"160,000,000","110,461","1,448,471,400",Asia,"2,878","274,748",9,,,82
